<?xml version="1.0" encoding="UTF-8"?>
<project xmlns="http://maven.apache.org/POM/4.0.0" xmlns:xsi="http://www.w3.org/2001/XMLSchema-instance" xsi:schemaLocation="http://maven.apache.org/POM/4.0.0 http://maven.apache.org/maven-v4_0_0.xsd">
  <modelVersion>4.0.0</modelVersion>
  <groupId>com.nhnacademy</groupId>
  <artifactId>recorder</artifactId>
  <version>1.0-SNAPSHOT</version>
  <build>
    <plugins>
      <plugin>
        <artifactId>maven-jar-plugin</artifactId>
        <version>3.3.0</version>
        <configuration>
          <archive>
            <manifest>
              <mainClass>com.nhnacademy.Main</mainClass>
              <addClasspath>true</addClasspath>
              <classpathPrefix>libs/</classpathPrefix>
            </manifest>
          </archive>
        </configuration>
      </plugin>
      <plugin>
        <artifactId>maven-dependency-plugin</artifactId>
        <version>2.5.1</version>
        <executions>
          <execution>
            <id>copy-dependencies</id>
            <phase>package</phase>
            <goals>
              <goal>copy-dependencies</goal>
            </goals>
            <configuration>
              <includeScope>runtime</includeScope>
              <outputDirectory>${project.build.directory}/libs/</outputDirectory>
            </configuration>
          </execution>
        </executions>
      </plugin>
      <plugin>
        <artifactId>maven-shade-plugin</artifactId>
        <version>3.4.1</version>
        <executions>
          <execution>
            <phase>package</phase>
            <goals>
              <goal>shade</goal>
            </goals>
            <configuration>
              <artifactSet>
                <excludes>
                  <exclude>classworlds:classworlds</exclude>
                  <exclude>jmock:*</exclude>
                  <exclude>*:xml-apis</exclude>
                  <exclude>org.apache.maven:libs:tests</exclude>
                  <exclude>log4j:log4j:jar:</exclude>
                </excludes>
              </artifactSet>
              <transformers>
                <transformer>
                  <mainClass>com.nhnacademy.Main</mainClass>
                  <manifestEntries>
                    <Multi-Release>true</Multi-Release>
                  </manifestEntries>
                </transformer>
                <transformer />
              </transformers>
            </configuration>
          </execution>
        </executions>
      </plugin>
    </plugins>
  </build>
  <properties>
    <maven.compiler.target>11</maven.compiler.target>
    <maven.compiler.source>11</maven.compiler.source>
  </properties>
</project>
